Date,Description,Amount,Transaction_Type,Category,Account_Name
2024-01-01,Transfer Orang Tua,1899159.0,INCOME,Gaji,BCA
2024-01-01,Indomaret Snack,15746.0,EXPENSE,Makan & Minum,Gopay
2024-01-01,Es Teh,17339.0,EXPENSE,Makan & Minum,BCA
2024-01-01,Sewa Kost Bulanan,932233.0,EXPENSE,Tagihan,BCA
2024-01-01,Cilok,7685.0,EXPENSE,Belanja,Dompet Tunai
2024-01-01,Ongkos,10806.0,EXPENSE,Lain-lain,Gopay
2024-01-02,Uang Bulanan,1063977.0,INCOME,Gaji,BCA
2024-01-02,Indomaret Snack,11212.0,EXPENSE,Makan & Minum,Gopay
2024-01-02,Bakso,24651.0,EXPENSE,Makan & Minum,Gopay
2024-01-02,Bayar Kost,924751.0,EXPENSE,Tagihan,Dompet Tunai
2024-01-03,Es Teh,36843.0,EXPENSE,Makan & Minum,Gopay
2024-01-03,Ongkos,2074.0,EXPENSE,Lain-lain,Dompet Tunai
2024-01-04,Kantin,16061.0,EXPENSE,Makan & Minum,Dompet Tunai
2024-01-04,Cilok,17959.0,EXPENSE,Belanja,Gopay
2024-01-04,Mie Ayam,24607.0,EXPENSE,Makan & Minum,Dompet Tunai
2024-01-05,Kantin,29353.0,EXPENSE,Makan & Minum,Dompet Tunai
2024-01-05,Bayar Kost,938043.0,EXPENSE,Tagihan,Dompet Tunai
2024-01-06,Gorengan,10426.0,EXPENSE,Belanja,Gopay
2024-01-07,Bakso,15655.0,EXPENSE,Makan & Minum,Dompet Tunai
2024-01-07,Indomaret Snack,22205.0,EXPENSE,Makan & Minum,Gopay
2024-01-07,Bakso,10564.0,EXPENSE,Makan & Minum,BCA
2024-01-08,GoFood,20800.0,EXPENSE,Makan & Minum,BCA
2024-01-08,Mie Ayam,13279.0,EXPENSE,Makan & Minum,Dompet Tunai
2024-01-08,GoFood,21273.0,EXPENSE,Makan & Minum,Dompet Tunai
2024-01-08,Isi Bensin,26045.0,EXPENSE,Tagihan,Dompet Tunai
2024-01-10,Paket Data,46197.0,EXPENSE,Tagihan,Gopay
2024-01-10,Kantin,19873.0,EXPENSE,Makan & Minum,Dompet Tunai
2024-01-10,Kopi,20175.0,EXPENSE,Makan & Minum,Gopay
2024-01-10,Bakso,23312.0,EXPENSE,Makan & Minum,Gopay
2024-01-11,BBM,29658.0,EXPENSE,Tagihan,Gopay
2024-01-11,Es Teh,20594.0,EXPENSE,Makan & Minum,Dompet Tunai
2024-01-11,Indomaret Snack,10054.0,EXPENSE,Makan & Minum,BCA
2024-01-12,Gorengan,16084.0,EXPENSE,Belanja,Dompet Tunai
2024-01-13,Nasi Padang,19089.0,EXPENSE,Makan & Minum,Gopay
2024-01-13,Nasi Padang,24993.0,EXPENSE,Makan & Minum,Gopay
2024-01-14,Nasi Padang,24225.0,EXPENSE,Makan & Minum,Gopay
2024-01-14,Es Teh,24877.0,EXPENSE,Makan & Minum,Dompet Tunai
2024-01-15,Es Teh,23019.0,EXPENSE,Makan & Minum,Dompet Tunai
2024-01-15,Bakso,20726.0,EXPENSE,Makan & Minum,Dompet Tunai
2024-01-15,Es Teh,16947.0,EXPENSE,Makan & Minum,Gopay
2024-01-15,Dana Darurat,183390.0,INCOME,Goals,BCA
2024-01-16,Warung Nasi,16898.0,EXPENSE,Makan & Minum,Gopay
2024-01-16,Snack,6082.0,EXPENSE,Belanja,Gopay
2024-01-17,Alfamart,13329.0,EXPENSE,Belanja,Dompet Tunai
2024-01-17,Grab Motor,2748.0,EXPENSE,Lain-lain,Dompet Tunai
2024-01-17,Kantin,16209.0,EXPENSE,Makan & Minum,Gopay
2024-01-17,Warung Nasi,10712.0,EXPENSE,Makan & Minum,Gopay
2024-01-18,Bakso,14092.0,EXPENSE,Makan & Minum,Gopay
2024-01-18,Bensin,36634.0,EXPENSE,Tagihan,Gopay
2024-01-19,Cilok,6703.0,EXPENSE,Belanja,Gopay
2024-01-20,Kantin,19699.0,EXPENSE,Makan & Minum,Dompet Tunai
2024-01-21,Warung Nasi,15101.0,EXPENSE,Makan & Minum,Dompet Tunai
2024-01-21,Nasi Padang,16542.0,EXPENSE,Makan & Minum,Gopay
2024-01-21,Ongkos,11499.0,EXPENSE,Lain-lain,Gopay
2024-01-22,BBM,25684.0,EXPENSE,Tagihan,Dompet Tunai
2024-01-22,Kopi,22579.0,EXPENSE,Makan & Minum,Dompet Tunai
2024-01-22,Alfamart,6991.0,EXPENSE,Belanja,Gopay
2024-01-22,Mie Ayam,21741.0,EXPENSE,Makan & Minum,BCA
2024-01-22,GoFood,21894.0,EXPENSE,Makan & Minum,Gopay
2024-01-23,Print Tugas,9884.0,EXPENSE,Lain-lain,Dompet Tunai
2024-01-23,Indomaret,12387.0,EXPENSE,Belanja,Gopay
2024-01-25,Isi Bensin,34154.0,EXPENSE,Tagihan,Gopay
2024-01-25,Fotokopi,11606.0,EXPENSE,Lain-lain,Dompet Tunai
2024-01-26,Warung Nasi,17862.0,EXPENSE,Makan & Minum,Gopay
2024-01-26,GoFood,13897.0,EXPENSE,Makan & Minum,Dompet Tunai
2024-01-26,Mie Ayam,48590.0,EXPENSE,Makan & Minum,Gopay
2024-01-26,Fotokopi,2797.0,EXPENSE,Lain-lain,Dompet Tunai
2024-01-27,Warung Nasi,48317.0,EXPENSE,Makan & Minum,BCA
2024-01-27,Kopi,24876.0,EXPENSE,Makan & Minum,Gopay
2024-01-27,Alfamart,10120.0,EXPENSE,Belanja,Gopay
2024-01-28,Kopi,21005.0,EXPENSE,Makan & Minum,Gopay
2024-01-28,Mie Ayam,11507.0,EXPENSE,Makan & Minum,Gopay
2024-01-28,Cilok,18461.0,EXPENSE,Belanja,Gopay
2024-01-29,Bensin,28624.0,EXPENSE,Tagihan,Dompet Tunai
2024-01-29,Es Teh,17867.0,EXPENSE,Makan & Minum,Dompet Tunai
2024-01-29,Indomaret Snack,23060.0,EXPENSE,Makan & Minum,Gopay
2024-01-30,Warung Nasi,25956.0,EXPENSE,Makan & Minum,Dompet Tunai
2024-01-30,Nasi Padang,10750.0,EXPENSE,Makan & Minum,Gopay
2024-01-30,Cilok,8824.0,EXPENSE,Belanja,Dompet Tunai
2024-01-30,Fotokopi,3483.0,EXPENSE,Lain-lain,Dompet Tunai
2024-01-31,Warung Nasi,12972.0,EXPENSE,Makan & Minum,Gopay
2024-01-31,GoFood,12117.0,EXPENSE,Makan & Minum,Dompet Tunai
2024-01-31,Minuman,18348.0,EXPENSE,Belanja,Gopay
2024-02-01,GoFood,19311.0,EXPENSE,Makan & Minum,BCA
2024-02-01,Bensin,34862.0,EXPENSE,Tagihan,Gopay
2024-02-02,Uang Bulanan,2151511.0,INCOME,Gaji,Gopay
2024-02-02,GoFood,38279.0,EXPENSE,Makan & Minum,Gopay
2024-02-02,GoFood,14891.0,EXPENSE,Makan & Minum,Dompet Tunai
2024-02-02,Grab Motor,10647.0,EXPENSE,Lain-lain,Gopay
2024-02-03,Kopi,24128.0,EXPENSE,Makan & Minum,Dompet Tunai
2024-02-03,Uang Bulanan,1116455.0,INCOME,Gaji,Gopay
2024-02-04,Nasi Padang,23001.0,EXPENSE,Makan & Minum,Dompet Tunai
2024-02-04,Nasi Padang,11022.0,EXPENSE,Makan & Minum,Dompet Tunai
2024-02-04,Jajan,6277.0,EXPENSE,Belanja,Gopay
2024-02-04,Parkir,10245.0,EXPENSE,Lain-lain,Dompet Tunai
2024-02-05,Warung Nasi,18681.0,EXPENSE,Makan & Minum,Gopay
2024-02-05,GoFood,13271.0,EXPENSE,Makan & Minum,Gopay
2024-02-05,Nasi Padang,22455.0,EXPENSE,Makan & Minum,Gopay
2024-02-06,Es Teh,21276.0,EXPENSE,Makan & Minum,BCA
2024-02-06,Minuman,19229.0,EXPENSE,Belanja,Dompet Tunai
2024-02-07,Minuman,15914.0,EXPENSE,Belanja,Gopay
2024-02-08,Isi Bensin,26926.0,EXPENSE,Tagihan,Dompet Tunai
2024-02-08,Ongkos,5986.0,EXPENSE,Lain-lain,Dompet Tunai
2024-02-09,Mie Ayam,14248.0,EXPENSE,Makan & Minum,Dompet Tunai
2024-02-10,Print Tugas,13302.0,EXPENSE,Lain-lain,Gopay
2024-02-10,Pulsa,29902.0,EXPENSE,Tagihan,Gopay
2024-02-10,Es Teh,13402.0,EXPENSE,Makan & Minum,Gopay
2024-02-10,Es Teh,15066.0,EXPENSE,Makan & Minum,BCA
2024-02-11,Indomaret,7199.0,EXPENSE,Belanja,Dompet Tunai
2024-02-12,GoFood,11335.0,EXPENSE,Makan & Minum,Dompet Tunai
2024-02-12,Nasi Padang,45938.0,EXPENSE,Makan & Minum,Dompet Tunai
2024-02-12,Bensin,31645.0,EXPENSE,Tagihan,Dompet Tunai
2024-02-13,Indomaret Snack,20436.0,EXPENSE,Makan & Minum,BCA
2024-02-15,Indomaret Snack,26145.0,EXPENSE,Makan & Minum,Dompet Tunai
2024-02-15,Indomaret Snack,18361.0,EXPENSE,Makan & Minum,BCA
2024-02-15,Bakso,10246.0,EXPENSE,Makan & Minum,Gopay
2024-02-15,Fotokopi,11009.0,EXPENSE,Lain-lain,Gopay
2024-02-16,Alfamart,14431.0,EXPENSE,Belanja,Dompet Tunai
2024-02-16,Mie Ayam,15147.0,EXPENSE,Makan & Minum,BCA
2024-02-18,GoFood,18901.0,EXPENSE,Makan & Minum,BCA
2024-02-18,Bakso,23777.0,EXPENSE,Makan & Minum,Gopay
2024-02-18,Warung Nasi,42026.0,EXPENSE,Makan & Minum,Dompet Tunai
2024-02-19,Bensin,27023.0,EXPENSE,Tagihan,Gopay
2024-02-19,Cilok,14922.0,EXPENSE,Belanja,Gopay
2024-02-20,Nasi Padang,18286.0,EXPENSE,Makan & Minum,Dompet Tunai
2024-02-20,Snack,6387.0,EXPENSE,Belanja,Dompet Tunai
2024-02-20,Grab Motor,4970.0,EXPENSE,Lain-lain,Gopay
2024-02-21,Kantin,24832.0,EXPENSE,Makan & Minum,Dompet Tunai
2024-02-21,Bakso,11048.0,EXPENSE,Makan & Minum,BCA
2024-02-22,BBM,33034.0,EXPENSE,Tagihan,Gopay
2024-02-22,Gorengan,8242.0,EXPENSE,Belanja,Gopay
2024-02-23,Mie Ayam,20774.0,EXPENSE,Makan & Minum,BCA
2024-02-23,Es Teh,30504.0,EXPENSE,Makan & Minum,Gopay
2024-02-25,Es Teh,31229.0,EXPENSE,Makan & Minum,Dompet Tunai
2024-02-25,Warung Nasi,10489.0,EXPENSE,Makan & Minum,BCA
2024-02-26,Warung Nasi,12244.0,EXPENSE,Makan & Minum,Dompet Tunai
2024-02-26,Mie Ayam,15593.0,EXPENSE,Makan & Minum,BCA
2024-02-26,BBM,28959.0,EXPENSE,Tagihan,Dompet Tunai
2024-02-26,Grab Motor,11365.0,EXPENSE,Lain-lain,Dompet Tunai
2024-02-27,Indomaret,13352.0,EXPENSE,Belanja,Gopay
2024-02-28,Warung Nasi,20682.0,EXPENSE,Makan & Minum,Gopay
2024-02-28,Nasi Padang,13336.0,EXPENSE,Makan & Minum,Dompet Tunai
2024-02-28,Nasi Padang,16016.0,EXPENSE,Makan & Minum,Dompet Tunai
2024-02-28,Dana Darurat,119549.0,INCOME,Goals,BCA
2024-02-29,Ongkos,3834.0,EXPENSE,Lain-lain,Gopay
2024-03-01,Kiriman Ortu,2002155.0,INCOME,Gaji,BCA
2024-03-02,Grab Motor,6937.0,EXPENSE,Lain-lain,Dompet Tunai
2024-03-02,Bayar Kost,921223.0,EXPENSE,Tagihan,BCA
2024-03-02,Alfamart,5893.0,EXPENSE,Belanja,Gopay
2024-03-02,Uang Bulanan,2159723.0,INCOME,Gaji,Gopay
2024-03-02,Mie Ayam,30596.0,EXPENSE,Makan & Minum,Dompet Tunai
2024-03-03,Kiriman Ortu,1010379.0,INCOME,Gaji,BCA
2024-03-03,Es Teh,23083.0,EXPENSE,Makan & Minum,Dompet Tunai
2024-03-03,Kantin,24412.0,EXPENSE,Makan & Minum,Dompet Tunai
2024-03-03,Kantin,20367.0,EXPENSE,Makan & Minum,Dompet Tunai
2024-03-04,Kopi,16700.0,EXPENSE,Makan & Minum,Gopay
2024-03-04,Kopi,24475.0,EXPENSE,Makan & Minum,Gopay
2024-03-04,Isi Bensin,25174.0,EXPENSE,Tagihan,Dompet Tunai
2024-03-04,Indomaret,15937.0,EXPENSE,Belanja,Gopay
2024-03-05,Bakso,13808.0,EXPENSE,Makan & Minum,BCA
2024-03-05,Warung Nasi,18115.0,EXPENSE,Makan & Minum,Gopay
2024-03-05,Kantin,43618.0,EXPENSE,Makan & Minum,Gopay
2024-03-06,Minuman,12144.0,EXPENSE,Belanja,Dompet Tunai
2024-03-06,Indomaret Snack,13100.0,EXPENSE,Makan & Minum,Gopay
2024-03-07,Bensin,34685.0,EXPENSE,Tagihan,Gopay
2024-03-07,Indomaret,17330.0,EXPENSE,Belanja,Gopay
2024-03-08,Bakso,22567.0,EXPENSE,Makan & Minum,Gopay
2024-03-08,Nasi Padang,17062.0,EXPENSE,Makan & Minum,BCA
2024-03-09,Warung Nasi,14980.0,EXPENSE,Makan & Minum,Dompet Tunai
2024-03-10,Gorengan,8462.0,EXPENSE,Belanja,Dompet Tunai
2024-03-10,Bakso,34317.0,EXPENSE,Makan & Minum,BCA
2024-03-10,Bakso,14044.0,EXPENSE,Makan & Minum,BCA
2024-03-10,Nasi Padang,24026.0,EXPENSE,Makan & Minum,Dompet Tunai
2024-03-11,Bensin,33300.0,EXPENSE,Tagihan,Dompet Tunai
2024-03-11,Cilok,5109.0,EXPENSE,Belanja,Dompet Tunai
2024-03-11,Mie Ayam,27039.0,EXPENSE,Makan & Minum,Gopay
2024-03-11,Mie Ayam,22931.0,EXPENSE,Makan & Minum,Gopay
2024-03-12,Alfamart,9314.0,EXPENSE,Belanja,Dompet Tunai
2024-03-12,Bakso,25824.0,EXPENSE,Makan & Minum,Dompet Tunai
2024-03-12,Warung Nasi,12542.0,EXPENSE,Makan & Minum,BCA
2024-03-13,GoFood,31333.0,EXPENSE,Makan & Minum,BCA
2024-03-13,Warung Nasi,38995.0,EXPENSE,Makan & Minum,BCA
2024-03-13,Kopi,12893.0,EXPENSE,Makan & Minum,Dompet Tunai
2024-03-13,Jajan,17572.0,EXPENSE,Belanja,Gopay
2024-03-13,Grab Motor,12597.0,EXPENSE,Lain-lain,Dompet Tunai
2024-03-14,Mie Ayam,16695.0,EXPENSE,Makan & Minum,Dompet Tunai
2024-03-14,Bakso,20723.0,EXPENSE,Makan & Minum,Dompet Tunai
2024-03-14,Indomaret Snack,13078.0,EXPENSE,Makan & Minum,BCA
2024-03-14,Alfamart,9081.0,EXPENSE,Belanja,Dompet Tunai
2024-03-14,Parkir,4209.0,EXPENSE,Lain-lain,Gopay
2024-03-15,Nasi Padang,43081.0,EXPENSE,Makan & Minum,Dompet Tunai
2024-03-15,Simpanan Bulanan,139929.0,INCOME,Goals,BCA
2024-03-16,Alfamart,5668.0,EXPENSE,Belanja,Dompet Tunai
2024-03-16,Kantin,11143.0,EXPENSE,Makan & Minum,BCA
2024-03-16,Warung Nasi,22310.0,EXPENSE,Makan & Minum,BCA
2024-03-17,Mie Ayam,18304.0,EXPENSE,Makan & Minum,Gopay
2024-03-17,GoFood,37012.0,EXPENSE,Makan & Minum,Gopay
2024-03-17,Alfamart,14394.0,EXPENSE,Belanja,Gopay
2024-03-18,Bensin,28133.0,EXPENSE,Tagihan,Gopay
2024-03-19,Indomaret Snack,24577.0,EXPENSE,Makan & Minum,Dompet Tunai
2024-03-19,Kopi,44263.0,EXPENSE,Makan & Minum,BCA
2024-03-19,Gorengan,12173.0,EXPENSE,Belanja,Gopay
2024-03-20,GoFood,46708.0,EXPENSE,Makan & Minum,Gopay
2024-03-21,Warung Nasi,20066.0,EXPENSE,Makan & Minum,Gopay
2024-03-21,Warung Nasi,19893.0,EXPENSE,Makan & Minum,Dompet Tunai
2024-03-22,Gorengan,12237.0,EXPENSE,Belanja,Gopay
2024-03-22,Indomaret Snack,13330.0,EXPENSE,Makan & Minum,BCA
2024-03-22,Kopi,17235.0,EXPENSE,Makan & Minum,Gopay
2024-03-22,Mie Ayam,20101.0,EXPENSE,Makan & Minum,BCA
2024-03-23,Nasi Padang,12595.0,EXPENSE,Makan & Minum,Gopay
2024-03-23,Bakso,14206.0,EXPENSE,Makan & Minum,Gopay
2024-03-24,Indomaret Snack,12086.0,EXPENSE,Makan & Minum,BCA
2024-03-24,Mie Ayam,18056.0,EXPENSE,Makan & Minum,Gopay
2024-03-25,Indomaret Snack,14575.0,EXPENSE,Makan & Minum,Dompet Tunai
2024-03-27,Fotokopi,3336.0,EXPENSE,Lain-lain,Gopay
2024-03-28,Nasi Padang,13660.0,EXPENSE,Makan & Minum,BCA
2024-03-28,Bensin,33493.0,EXPENSE,Tagihan,Gopay
2024-03-28,Snack,17284.0,EXPENSE,Belanja,Dompet Tunai
2024-03-29,Jajan,7198.0,EXPENSE,Belanja,Dompet Tunai
2024-03-29,Kantin,11254.0,EXPENSE,Makan & Minum,BCA
2024-03-30,Ongkos,14072.0,EXPENSE,Lain-lain,Gopay
2024-03-30,Indomaret,17424.0,EXPENSE,Belanja,Dompet Tunai
2024-03-31,Bakso,22952.0,EXPENSE,Makan & Minum,BCA
2024-03-31,Bakso,18836.0,EXPENSE,Makan & Minum,BCA
2024-03-31,Alfamart,16149.0,EXPENSE,Belanja,Gopay
2024-04-01,Uang Bulanan,2041548.0,INCOME,Gaji,Gopay
2024-04-01,Indomaret Snack,17798.0,EXPENSE,Makan & Minum,Gopay
2024-04-01,Indomaret Snack,23155.0,EXPENSE,Makan & Minum,Gopay
2024-04-01,Gorengan,14401.0,EXPENSE,Belanja,Dompet Tunai
2024-04-01,Print Tugas,2984.0,EXPENSE,Lain-lain,Dompet Tunai
2024-04-02,Indomaret Snack,47399.0,EXPENSE,Makan & Minum,Dompet Tunai
2024-04-02,Es Teh,16192.0,EXPENSE,Makan & Minum,BCA
2024-04-02,Sewa Kost Bulanan,862211.0,EXPENSE,Tagihan,Dompet Tunai
2024-04-02,Kiriman Ortu,1336528.0,INCOME,Gaji,Gopay
2024-04-02,Kopi,20452.0,EXPENSE,Makan & Minum,Gopay
2024-04-02,Minuman,14364.0,EXPENSE,Belanja,Dompet Tunai
2024-04-03,Sewa Kost Bulanan,907173.0,EXPENSE,Tagihan,Dompet Tunai
2024-04-03,Jajan,18060.0,EXPENSE,Belanja,Dompet Tunai
2024-04-03,Es Teh,22915.0,EXPENSE,Makan & Minum,Dompet Tunai
2024-04-03,Bakso,10663.0,EXPENSE,Makan & Minum,BCA
2024-04-03,Warung Nasi,16948.0,EXPENSE,Makan & Minum,Dompet Tunai
2024-04-03,Transfer Orang Tua,2399589.0,INCOME,Gaji,BCA
2024-04-04,Indomaret Snack,11759.0,EXPENSE,Makan & Minum,Gopay
2024-04-04,Kantin,20682.0,EXPENSE,Makan & Minum,Gopay
2024-04-04,Bayar Kost,931484.0,EXPENSE,Tagihan,Dompet Tunai
2024-04-05,Mie Ayam,17038.0,EXPENSE,Makan & Minum,Dompet Tunai
2024-04-06,Bakso,22155.0,EXPENSE,Makan & Minum,Gopay
2024-04-06,Warung Nasi,11919.0,EXPENSE,Makan & Minum,Gopay
2024-04-06,Indomaret Snack,11991.0,EXPENSE,Makan & Minum,Gopay
2024-04-06,Snack,16738.0,EXPENSE,Belanja,Dompet Tunai
2024-04-08,GoFood,23522.0,EXPENSE,Makan & Minum,Gopay
2024-04-08,Bakso,16014.0,EXPENSE,Makan & Minum,BCA
2024-04-08,Parkir,5182.0,EXPENSE,Lain-lain,Gopay
2024-04-09,Alfamart,17274.0,EXPENSE,Belanja,Dompet Tunai
2024-04-09,Kopi,23551.0,EXPENSE,Makan & Minum,Gopay
2024-04-09,GoFood,16555.0,EXPENSE,Makan & Minum,Dompet Tunai
2024-04-10,Mie Ayam,16448.0,EXPENSE,Makan & Minum,BCA
2024-04-10,Bakso,20380.0,EXPENSE,Makan & Minum,BCA
2024-04-10,Netflix,45197.0,EXPENSE,Tagihan,Gopay
2024-04-11,Kopi,15166.0,EXPENSE,Makan & Minum,BCA
2024-04-11,BBM,34559.0,EXPENSE,Tagihan,Dompet Tunai
2024-04-11,Grab Motor,9853.0,EXPENSE,Lain-lain,Dompet Tunai
2024-04-12,Indomaret,5013.0,EXPENSE,Belanja,Gopay
2024-04-13,Kantin,11359.0,EXPENSE,Makan & Minum,BCA
2024-04-13,Minuman,16946.0,EXPENSE,Belanja,Dompet Tunai
2024-04-14,Warung Nasi,12581.0,EXPENSE,Makan & Minum,BCA
2024-04-14,Gorengan,5048.0,EXPENSE,Belanja,Gopay
2024-04-15,Ongkos,11291.0,EXPENSE,Lain-lain,Gopay
2024-04-15,Dana Darurat,134742.0,INCOME,Goals,BCA
2024-04-15,Cilok,14088.0,EXPENSE,Belanja,Dompet Tunai
2024-04-15,Mie Ayam,18704.0,EXPENSE,Makan & Minum,Gopay
2024-04-15,Es Teh,13355.0,EXPENSE,Makan & Minum,Gopay
2024-04-15,Bensin,25027.0,EXPENSE,Tagihan,Gopay
2024-04-16,Mie Ayam,13838.0,EXPENSE,Makan & Minum,Dompet Tunai
2024-04-16,Nasi Padang,16853.0,EXPENSE,Makan & Minum,Dompet Tunai
2024-04-16,Indomaret Snack,24185.0,EXPENSE,Makan & Minum,Gopay
2024-04-17,Es Teh,23876.0,EXPENSE,Makan & Minum,BCA
2024-04-17,Nasi Padang,16593.0,EXPENSE,Makan & Minum,Dompet Tunai
2024-04-18,Es Teh,14436.0,EXPENSE,Makan & Minum,BCA
2024-04-18,Isi Bensin,38016.0,EXPENSE,Tagihan,Gopay
2024-04-18,Snack,6447.0,EXPENSE,Belanja,Dompet Tunai
2024-04-19,Minuman,12380.0,EXPENSE,Belanja,Gopay
2024-04-19,Mie Ayam,18151.0,EXPENSE,Makan & Minum,Gopay
2024-04-20,Snack,7586.0,EXPENSE,Belanja,Gopay
2024-04-20,Es Teh,18723.0,EXPENSE,Makan & Minum,Gopay
2024-04-21,Indomaret Snack,22917.0,EXPENSE,Makan & Minum,Gopay
2024-04-22,Bakso,10387.0,EXPENSE,Makan & Minum,Dompet Tunai
2024-04-22,Bakso,29854.0,EXPENSE,Makan & Minum,BCA
2024-04-22,Mie Ayam,23693.0,EXPENSE,Makan & Minum,Dompet Tunai
2024-04-22,Isi Bensin,38275.0,EXPENSE,Tagihan,Gopay
2024-04-23,Bakso,23160.0,EXPENSE,Makan & Minum,Gopay
2024-04-23,Snack,11989.0,EXPENSE,Belanja,Gopay
2024-04-24,GoFood,13910.0,EXPENSE,Makan & Minum,BCA
2024-04-24,Es Teh,21380.0,EXPENSE,Makan & Minum,Gopay
2024-04-24,Fotokopi,4201.0,EXPENSE,Lain-lain,Dompet Tunai
2024-04-25,Bensin,31380.0,EXPENSE,Tagihan,Dompet Tunai
2024-04-25,Warung Nasi,14638.0,EXPENSE,Makan & Minum,Gopay
2024-04-26,Parkir,2632.0,EXPENSE,Lain-lain,Gopay
2024-04-26,Kopi,20052.0,EXPENSE,Makan & Minum,Gopay
2024-04-26,Kopi,11872.0,EXPENSE,Makan & Minum,Gopay
2024-04-27,Mie Ayam,20378.0,EXPENSE,Makan & Minum,BCA
2024-04-27,Nasi Padang,17671.0,EXPENSE,Makan & Minum,BCA
2024-04-27,Minuman,15656.0,EXPENSE,Belanja,Gopay
2024-04-28,Kopi,24968.0,EXPENSE,Makan & Minum,Dompet Tunai
2024-04-28,Kopi,18197.0,EXPENSE,Makan & Minum,Gopay
2024-04-28,Snack,9039.0,EXPENSE,Belanja,Gopay
2024-04-29,Cilok,10244.0,EXPENSE,Belanja,Dompet Tunai
2024-04-29,Fotokopi,5228.0,EXPENSE,Lain-lain,Dompet Tunai
2024-04-30,Gorengan,14097.0,EXPENSE,Belanja,Gopay
2024-05-01,Kiriman Ortu,1895784.0,INCOME,Gaji,BCA
2024-05-01,Sewa Kost Bulanan,878600.0,EXPENSE,Tagihan,Dompet Tunai
2024-05-01,Alfamart,15376.0,EXPENSE,Belanja,Dompet Tunai
2024-05-02,Indomaret,7004.0,EXPENSE,Belanja,Dompet Tunai
2024-05-02,Bayar Kost,903606.0,EXPENSE,Tagihan,Dompet Tunai
2024-05-02,Bensin,31212.0,EXPENSE,Tagihan,Dompet Tunai
2024-05-02,Indomaret Snack,21138.0,EXPENSE,Makan & Minum,Gopay
2024-05-03,Kiriman Ortu,1143528.0,INCOME,Gaji,Gopay
2024-05-03,Mie Ayam,21178.0,EXPENSE,Makan & Minum,BCA
2024-05-05,Warung Nasi,41353.0,EXPENSE,Makan & Minum,BCA
2024-05-05,Mie Ayam,14756.0,EXPENSE,Makan & Minum,Dompet Tunai
2024-05-05,Print Tugas,7578.0,EXPENSE,Lain-lain,Gopay
2024-05-06,Mie Ayam,17524.0,EXPENSE,Makan & Minum,BCA
2024-05-06,Bensin,36865.0,EXPENSE,Tagihan,Dompet Tunai
2024-05-07,Print Tugas,10657.0,EXPENSE,Lain-lain,Gopay
2024-05-08,GoFood,15969.0,EXPENSE,Makan & Minum,Dompet Tunai
2024-05-08,Kantin,17964.0,EXPENSE,Makan & Minum,Gopay
2024-05-08,Cilok,13044.0,EXPENSE,Belanja,Dompet Tunai
2024-05-09,Isi Bensin,28481.0,EXPENSE,Tagihan,Dompet Tunai
2024-05-09,GoFood,15345.0,EXPENSE,Makan & Minum,Gopay
2024-05-09,Warung Nasi,14929.0,EXPENSE,Makan & Minum,BCA
2024-05-10,GoFood,11991.0,EXPENSE,Makan & Minum,BCA
2024-05-10,Spotify,36419.0,EXPENSE,Tagihan,BCA
2024-05-11,Alfamart,12763.0,EXPENSE,Belanja,Gopay
2024-05-11,Fotokopi,8246.0,EXPENSE,Lain-lain,Dompet Tunai
2024-05-12,Nasi Padang,18564.0,EXPENSE,Makan & Minum,BCA
2024-05-12,GoFood,19681.0,EXPENSE,Makan & Minum,Gopay
2024-05-12,Grab Motor,12420.0,EXPENSE,Lain-lain,Dompet Tunai
2024-05-13,Nasi Padang,15829.0,EXPENSE,Makan & Minum,Dompet Tunai
2024-05-13,Kopi,21414.0,EXPENSE,Makan & Minum,Gopay
2024-05-13,Kantin,14972.0,EXPENSE,Makan & Minum,Dompet Tunai
2024-05-14,Es Teh,10957.0,EXPENSE,Makan & Minum,BCA
2024-05-15,Parkir,13963.0,EXPENSE,Lain-lain,Dompet Tunai
2024-05-15,Simpanan Bulanan,77910.0,INCOME,Goals,BCA
2024-05-16,Gorengan,9683.0,EXPENSE,Belanja,Dompet Tunai
2024-05-17,Nasi Padang,46066.0,EXPENSE,Makan & Minum,Dompet Tunai
2024-05-17,Jajan,14163.0,EXPENSE,Belanja,Dompet Tunai
2024-05-17,Ongkos,2130.0,EXPENSE,Lain-lain,Gopay
2024-05-18,Kantin,33662.0,EXPENSE,Makan & Minum,Gopay
2024-05-18,Indomaret Snack,17214.0,EXPENSE,Makan & Minum,Gopay
2024-05-18,Indomaret Snack,24409.0,EXPENSE,Makan & Minum,Gopay
2024-05-18,Minuman,9725.0,EXPENSE,Belanja,Gopay
2024-05-19,Alfamart,16753.0,EXPENSE,Belanja,Gopay
2024-05-20,Gorengan,12529.0,EXPENSE,Belanja,Gopay
2024-05-21,Jajan,6734.0,EXPENSE,Belanja,Dompet Tunai
2024-05-21,Parkir,5893.0,EXPENSE,Lain-lain,Gopay
2024-05-21,Mie Ayam,20320.0,EXPENSE,Makan & Minum,Gopay
2024-05-22,Kopi,24840.0,EXPENSE,Makan & Minum,BCA
2024-05-22,Warung Nasi,18188.0,EXPENSE,Makan & Minum,Dompet Tunai
2024-05-22,Mie Ayam,13557.0,EXPENSE,Makan & Minum,Dompet Tunai
2024-05-23,Indomaret Snack,45474.0,EXPENSE,Makan & Minum,Gopay
2024-05-23,Bakso,21351.0,EXPENSE,Makan & Minum,Dompet Tunai
2024-05-23,Mie Ayam,20702.0,EXPENSE,Makan & Minum,Gopay
2024-05-23,Isi Bensin,26358.0,EXPENSE,Tagihan,Gopay
2024-05-24,Warung Nasi,18910.0,EXPENSE,Makan & Minum,Gopay
2024-05-24,Bakso,19774.0,EXPENSE,Makan & Minum,Gopay
2024-05-25,Nasi Padang,22319.0,EXPENSE,Makan & Minum,BCA
2024-05-25,Nasi Padang,14280.0,EXPENSE,Makan & Minum,Dompet Tunai
2024-05-26,Nasi Padang,23131.0,EXPENSE,Makan & Minum,BCA
2024-05-26,Fotokopi,7226.0,EXPENSE,Lain-lain,Dompet Tunai
2024-05-27,Kopi,18309.0,EXPENSE,Makan & Minum,BCA
2024-05-27,Snack,18237.0,EXPENSE,Belanja,Dompet Tunai
2024-05-28,Jajan,5915.0,EXPENSE,Belanja,Dompet Tunai
2024-05-28,Indomaret Snack,22063.0,EXPENSE,Makan & Minum,Dompet Tunai
2024-05-28,Kantin,19337.0,EXPENSE,Makan & Minum,Dompet Tunai
2024-05-28,Indomaret Snack,12180.0,EXPENSE,Makan & Minum,Dompet Tunai
2024-05-29,Kantin,17295.0,EXPENSE,Makan & Minum,Dompet Tunai
2024-05-29,Kantin,38832.0,EXPENSE,Makan & Minum,Dompet Tunai
2024-05-30,Es Teh,20760.0,EXPENSE,Makan & Minum,Gopay
2024-05-30,Bakso,23044.0,EXPENSE,Makan & Minum,Dompet Tunai
2024-05-30,Indomaret Snack,18570.0,EXPENSE,Makan & Minum,Gopay
2024-05-30,Gorengan,16888.0,EXPENSE,Belanja,Dompet Tunai
2024-05-31,Mie Ayam,14067.0,EXPENSE,Makan & Minum,Gopay
2024-05-31,Bakso,17903.0,EXPENSE,Makan & Minum,Gopay
2024-06-01,Transfer Orang Tua,1170699.0,INCOME,Gaji,Gopay
2024-06-01,Bayar Kost,899454.0,EXPENSE,Tagihan,BCA
2024-06-02,Minuman,8731.0,EXPENSE,Belanja,Dompet Tunai
2024-06-02,Sewa Kost Bulanan,896734.0,EXPENSE,Tagihan,Dompet Tunai
2024-06-02,Kantin,24300.0,EXPENSE,Makan & Minum,Dompet Tunai
2024-06-02,Uang Bulanan,2059196.0,INCOME,Gaji,Gopay
2024-06-02,Indomaret Snack,12190.0,EXPENSE,Makan & Minum,BCA
2024-06-02,Mie Ayam,13288.0,EXPENSE,Makan & Minum,Dompet Tunai
2024-06-03,Mie Ayam,11549.0,EXPENSE,Makan & Minum,Dompet Tunai
2024-06-03,Nasi Padang,23065.0,EXPENSE,Makan & Minum,BCA
2024-06-03,Bensin,32065.0,EXPENSE,Tagihan,Gopay
2024-06-03,Bayar Kost,862861.0,EXPENSE,Tagihan,Dompet Tunai
2024-06-04,Kopi,12322.0,EXPENSE,Makan & Minum,BCA
2024-06-05,Kopi,23328.0,EXPENSE,Makan & Minum,BCA
2024-06-05,Kantin,11610.0,EXPENSE,Makan & Minum,Gopay
2024-06-06,Parkir,3369.0,EXPENSE,Lain-lain,Dompet Tunai
2024-06-06,Warung Nasi,25198.0,EXPENSE,Makan & Minum,Gopay
2024-06-06,Bensin,31170.0,EXPENSE,Tagihan,Dompet Tunai
2024-06-06,Kopi,16197.0,EXPENSE,Makan & Minum,BCA
2024-06-06,Indomaret Snack,21037.0,EXPENSE,Makan & Minum,Gopay
2024-06-07,Nasi Padang,23306.0,EXPENSE,Makan & Minum,Dompet Tunai
2024-06-07,Es Teh,13822.0,EXPENSE,Makan & Minum,Dompet Tunai
2024-06-07,Indomaret,5909.0,EXPENSE,Belanja,Dompet Tunai
2024-06-08,Indomaret Snack,19389.0,EXPENSE,Makan & Minum,BCA
2024-06-08,Indomaret Snack,42828.0,EXPENSE,Makan & Minum,BCA
2024-06-08,Mie Ayam,11075.0,EXPENSE,Makan & Minum,BCA
2024-06-08,Indomaret,13460.0,EXPENSE,Belanja,Dompet Tunai
2024-06-09,Kantin,21371.0,EXPENSE,Makan & Minum,Gopay
2024-06-09,Ongkos,9581.0,EXPENSE,Lain-lain,Dompet Tunai
2024-06-10,Pulsa,29358.0,EXPENSE,Tagihan,Gopay
2024-06-10,Bensin,35317.0,EXPENSE,Tagihan,Gopay
2024-06-10,Warung Nasi,16757.0,EXPENSE,Makan & Minum,Dompet Tunai
2024-06-10,Indomaret Snack,15363.0,EXPENSE,Makan & Minum,BCA
2024-06-11,GoFood,19806.0,EXPENSE,Makan & Minum,BCA
2024-06-11,Bakso,38254.0,EXPENSE,Makan & Minum,Gopay
2024-06-11,Alfamart,6770.0,EXPENSE,Belanja,Dompet Tunai
2024-06-13,Kantin,18466.0,EXPENSE,Makan & Minum,BCA
2024-06-13,Warung Nasi,24903.0,EXPENSE,Makan & Minum,BCA
2024-06-13,Grab Motor,12453.0,EXPENSE,Lain-lain,Gopay
2024-06-14,Gorengan,8795.0,EXPENSE,Belanja,Gopay
2024-06-14,Grab Motor,5558.0,EXPENSE,Lain-lain,Gopay
2024-06-15,Indomaret Snack,18494.0,EXPENSE,Makan & Minum,Gopay
2024-06-15,Indomaret,6084.0,EXPENSE,Belanja,Dompet Tunai
2024-06-17,Snack,18630.0,EXPENSE,Belanja,Dompet Tunai
2024-06-17,Print Tugas,13849.0,EXPENSE,Lain-lain,Dompet Tunai
2024-06-17,Bakso,44526.0,EXPENSE,Makan & Minum,BCA
2024-06-18,Warung Nasi,19977.0,EXPENSE,Makan & Minum,BCA
2024-06-18,Kantin,32443.0,EXPENSE,Makan & Minum,BCA
2024-06-19,Snack,14167.0,EXPENSE,Belanja,Gopay
2024-06-20,Mie Ayam,49793.0,EXPENSE,Makan & Minum,Dompet Tunai
2024-06-21,Kantin,43682.0,EXPENSE,Makan & Minum,Dompet Tunai
2024-06-21,GoFood,21857.0,EXPENSE,Makan & Minum,Dompet Tunai
2024-06-21,Kantin,12156.0,EXPENSE,Makan & Minum,BCA
2024-06-22,Mie Ayam,13005.0,EXPENSE,Makan & Minum,Dompet Tunai
2024-06-22,Warung Nasi,31602.0,EXPENSE,Makan & Minum,Dompet Tunai
2024-06-23,Jajan,9881.0,EXPENSE,Belanja,Gopay
2024-06-24,Isi Bensin,33588.0,EXPENSE,Tagihan,Gopay
2024-06-25,Minuman,13053.0,EXPENSE,Belanja,Gopay
2024-06-25,Kantin,16994.0,EXPENSE,Makan & Minum,Gopay
2024-06-26,GoFood,11707.0,EXPENSE,Makan & Minum,Gopay
2024-06-26,Mie Ayam,26436.0,EXPENSE,Makan & Minum,Dompet Tunai
2024-06-27,Indomaret Snack,11615.0,EXPENSE,Makan & Minum,BCA
2024-06-27,BBM,26246.0,EXPENSE,Tagihan,Dompet Tunai
2024-06-28,Warung Nasi,22794.0,EXPENSE,Makan & Minum,Dompet Tunai
2024-06-28,Kopi,24479.0,EXPENSE,Makan & Minum,Dompet Tunai
2024-06-29,Indomaret Snack,20306.0,EXPENSE,Makan & Minum,Gopay
2024-06-29,Cilok,17054.0,EXPENSE,Belanja,Dompet Tunai
2024-06-29,Parkir,13175.0,EXPENSE,Lain-lain,Dompet Tunai
2024-06-30,Kantin,24340.0,EXPENSE,Makan & Minum,Gopay
2024-06-30,Kopi,14674.0,EXPENSE,Makan & Minum,Dompet Tunai
2024-06-30,Grab Motor,6038.0,EXPENSE,Lain-lain,Gopay
2024-07-01,Gorengan,12787.0,EXPENSE,Belanja,Gopay
2024-07-01,Bayar Kost,930242.0,EXPENSE,Tagihan,Dompet Tunai
2024-07-01,Transfer Orang Tua,2196311.0,INCOME,Gaji,Gopay
2024-07-01,Bensin,37017.0,EXPENSE,Tagihan,Dompet Tunai
2024-07-02,Kiriman Ortu,1921584.0,INCOME,Gaji,Gopay
2024-07-02,Kopi,10045.0,EXPENSE,Makan & Minum,Gopay
2024-07-02,Indomaret Snack,11681.0,EXPENSE,Makan & Minum,Gopay
2024-07-02,Sewa Kost Bulanan,921549.0,EXPENSE,Tagihan,BCA
2024-07-03,Kiriman Ortu,2218751.0,INCOME,Gaji,Gopay
2024-07-03,Mie Ayam,12368.0,EXPENSE,Makan & Minum,Dompet Tunai
2024-07-03,Nasi Padang,18006.0,EXPENSE,Makan & Minum,Dompet Tunai
2024-07-03,Indomaret Snack,22020.0,EXPENSE,Makan & Minum,Dompet Tunai
2024-07-03,Snack,12444.0,EXPENSE,Belanja,Dompet Tunai
2024-07-04,Bensin,36161.0,EXPENSE,Tagihan,Dompet Tunai
2024-07-04,Es Teh,21580.0,EXPENSE,Makan & Minum,Dompet Tunai
2024-07-04,Minuman,16035.0,EXPENSE,Belanja,Dompet Tunai
2024-07-05,Warung Nasi,31215.0,EXPENSE,Makan & Minum,BCA
2024-07-06,Indomaret,14200.0,EXPENSE,Belanja,Dompet Tunai
2024-07-06,Ongkos,8602.0,EXPENSE,Lain-lain,Gopay
2024-07-06,Kopi,47629.0,EXPENSE,Makan & Minum,Gopay
2024-07-07,Cilok,18771.0,EXPENSE,Belanja,Gopay
2024-07-07,Nasi Padang,14511.0,EXPENSE,Makan & Minum,Dompet Tunai
2024-07-07,Warung Nasi,23009.0,EXPENSE,Makan & Minum,BCA
2024-07-08,Bakso,19000.0,EXPENSE,Makan & Minum,Dompet Tunai
2024-07-08,Indomaret Snack,23074.0,EXPENSE,Makan & Minum,Gopay
2024-07-08,Es Teh,11643.0,EXPENSE,Makan & Minum,Gopay
2024-07-08,Isi Bensin,35880.0,EXPENSE,Tagihan,Dompet Tunai
2024-07-09,GoFood,21853.0,EXPENSE,Makan & Minum,Gopay
2024-07-09,Grab Motor,10961.0,EXPENSE,Lain-lain,Dompet Tunai
2024-07-10,GoFood,18214.0,EXPENSE,Makan & Minum,Gopay
2024-07-10,Indomaret Snack,17777.0,EXPENSE,Makan & Minum,Dompet Tunai
2024-07-10,Warung Nasi,14338.0,EXPENSE,Makan & Minum,Dompet Tunai
2024-07-10,Paket Data,27826.0,EXPENSE,Tagihan,Gopay
2024-07-11,Bensin,26621.0,EXPENSE,Tagihan,Gopay
2024-07-11,Snack,13657.0,EXPENSE,Belanja,Dompet Tunai
2024-07-11,Kopi,14987.0,EXPENSE,Makan & Minum,BCA
2024-07-11,Mie Ayam,17648.0,EXPENSE,Makan & Minum,Gopay
2024-07-12,Bakso,44162.0,EXPENSE,Makan & Minum,BCA
2024-07-12,Nasi Padang,37990.0,EXPENSE,Makan & Minum,Dompet Tunai
2024-07-12,Cilok,17229.0,EXPENSE,Belanja,Gopay
2024-07-13,Kopi,14451.0,EXPENSE,Makan & Minum,Dompet Tunai
2024-07-13,Gorengan,5262.0,EXPENSE,Belanja,Gopay
2024-07-13,Nasi Padang,24383.0,EXPENSE,Makan & Minum,Gopay
2024-07-13,GoFood,17651.0,EXPENSE,Makan & Minum,Dompet Tunai
2024-07-15,Grab Motor,6994.0,EXPENSE,Lain-lain,Dompet Tunai
2024-07-15,Bakso,14363.0,EXPENSE,Makan & Minum,Gopay
2024-07-15,GoFood,46579.0,EXPENSE,Makan & Minum,Dompet Tunai
2024-07-15,Indomaret Snack,40557.0,EXPENSE,Makan & Minum,BCA
2024-07-15,Bensin,37790.0,EXPENSE,Tagihan,Dompet Tunai
2024-07-15,Indomaret,13423.0,EXPENSE,Belanja,Gopay
2024-07-15,Dana Darurat,194463.0,INCOME,Goals,BCA
2024-07-16,Cilok,12683.0,EXPENSE,Belanja,Gopay
2024-07-16,GoFood,20811.0,EXPENSE,Makan & Minum,BCA
2024-07-16,GoFood,15313.0,EXPENSE,Makan & Minum,Gopay
2024-07-17,Kopi,22395.0,EXPENSE,Makan & Minum,Gopay
2024-07-17,Gorengan,9987.0,EXPENSE,Belanja,Dompet Tunai
2024-07-18,GoFood,22484.0,EXPENSE,Makan & Minum,Gopay
2024-07-18,Kopi,10510.0,EXPENSE,Makan & Minum,Dompet Tunai
2024-07-18,BBM,35603.0,EXPENSE,Tagihan,Dompet Tunai
2024-07-18,Print Tugas,4934.0,EXPENSE,Lain-lain,Dompet Tunai
2024-07-19,Es Teh,22458.0,EXPENSE,Makan & Minum,BCA
2024-07-19,Mie Ayam,17053.0,EXPENSE,Makan & Minum,BCA
2024-07-20,Es Teh,41416.0,EXPENSE,Makan & Minum,Dompet Tunai
2024-07-20,Nasi Padang,46859.0,EXPENSE,Makan & Minum,BCA
2024-07-21,Indomaret Snack,16491.0,EXPENSE,Makan & Minum,BCA
2024-07-21,GoFood,10530.0,EXPENSE,Makan & Minum,Gopay
2024-07-21,Gorengan,10060.0,EXPENSE,Belanja,Dompet Tunai
2024-07-22,Snack,10918.0,EXPENSE,Belanja,Gopay
2024-07-22,Isi Bensin,33530.0,EXPENSE,Tagihan,Gopay
2024-07-22,Kopi,43604.0,EXPENSE,Makan & Minum,Gopay
2024-07-22,Bakso,17882.0,EXPENSE,Makan & Minum,BCA
2024-07-23,Mie Ayam,32468.0,EXPENSE,Makan & Minum,Gopay
2024-07-23,Nasi Padang,36358.0,EXPENSE,Makan & Minum,BCA
2024-07-23,GoFood,14027.0,EXPENSE,Makan & Minum,Dompet Tunai
2024-07-24,Gorengan,8694.0,EXPENSE,Belanja,Dompet Tunai
2024-07-25,Jajan,6192.0,EXPENSE,Belanja,Gopay
2024-07-25,GoFood,38032.0,EXPENSE,Makan & Minum,Gopay
2024-07-25,Isi Bensin,37354.0,EXPENSE,Tagihan,Gopay
2024-07-26,Nasi Padang,18906.0,EXPENSE,Makan & Minum,Gopay
2024-07-26,Cilok,13537.0,EXPENSE,Belanja,Dompet Tunai
2024-07-26,Es Teh,17058.0,EXPENSE,Makan & Minum,Dompet Tunai
2024-07-27,Cilok,7496.0,EXPENSE,Belanja,Dompet Tunai
2024-07-27,Kantin,19113.0,EXPENSE,Makan & Minum,BCA
2024-07-28,Es Teh,13955.0,EXPENSE,Makan & Minum,BCA
2024-07-28,Bakso,20075.0,EXPENSE,Makan & Minum,BCA
2024-07-28,Cilok,12361.0,EXPENSE,Belanja,Gopay
2024-07-29,Kantin,13014.0,EXPENSE,Makan & Minum,Gopay
2024-07-29,Nasi Padang,18937.0,EXPENSE,Makan & Minum,Gopay
2024-07-29,BBM,38445.0,EXPENSE,Tagihan,Gopay
2024-07-29,Cilok,17097.0,EXPENSE,Belanja,Gopay
2024-07-30,Alfamart,19391.0,EXPENSE,Belanja,Gopay
2024-07-30,Parkir,11409.0,EXPENSE,Lain-lain,Gopay
2024-07-31,Kopi,22847.0,EXPENSE,Makan & Minum,BCA
2024-07-31,Bakso,15678.0,EXPENSE,Makan & Minum,BCA
2024-08-01,Bensin,28844.0,EXPENSE,Tagihan,Dompet Tunai
2024-08-01,Bakso,23943.0,EXPENSE,Makan & Minum,Gopay
2024-08-01,Warung Nasi,21134.0,EXPENSE,Makan & Minum,Dompet Tunai
2024-08-01,Bakso,17772.0,EXPENSE,Makan & Minum,Dompet Tunai
2024-08-02,Bakso,18724.0,EXPENSE,Makan & Minum,Dompet Tunai
2024-08-02,Es Teh,19381.0,EXPENSE,Makan & Minum,Dompet Tunai
2024-08-02,Indomaret,8895.0,EXPENSE,Belanja,Gopay
2024-08-03,Uang Bulanan,1844805.0,INCOME,Gaji,BCA
2024-08-03,Mie Ayam,18677.0,EXPENSE,Makan & Minum,Dompet Tunai
2024-08-03,Snack,10171.0,EXPENSE,Belanja,Gopay
2024-08-04,Bayar Kost,947385.0,EXPENSE,Tagihan,Dompet Tunai
2024-08-04,Cilok,12164.0,EXPENSE,Belanja,Gopay
2024-08-05,Bakso,26040.0,EXPENSE,Makan & Minum,Dompet Tunai
2024-08-05,Kopi,24697.0,EXPENSE,Makan & Minum,Dompet Tunai
2024-08-05,Mie Ayam,23505.0,EXPENSE,Makan & Minum,BCA
2024-08-06,Kopi,21156.0,EXPENSE,Makan & Minum,BCA
2024-08-06,Snack,5210.0,EXPENSE,Belanja,Dompet Tunai
2024-08-07,Es Teh,21131.0,EXPENSE,Makan & Minum,Gopay
2024-08-08,BBM,38371.0,EXPENSE,Tagihan,Gopay
2024-08-09,Nasi Padang,23904.0,EXPENSE,Makan & Minum,Gopay
2024-08-09,Kantin,12675.0,EXPENSE,Makan & Minum,BCA
2024-08-09,Ongkos,8714.0,EXPENSE,Lain-lain,Dompet Tunai
2024-08-10,Warung Nasi,22140.0,EXPENSE,Makan & Minum,BCA
2024-08-10,Es Teh,18776.0,EXPENSE,Makan & Minum,Dompet Tunai
2024-08-10,Pulsa,16540.0,EXPENSE,Tagihan,Gopay
2024-08-11,Warung Nasi,37048.0,EXPENSE,Makan & Minum,BCA
2024-08-11,Kantin,14805.0,EXPENSE,Makan & Minum,Dompet Tunai
2024-08-11,Bakso,22225.0,EXPENSE,Makan & Minum,Gopay
2024-08-11,Fotokopi,11585.0,EXPENSE,Lain-lain,Dompet Tunai
2024-08-12,Kantin,15579.0,EXPENSE,Makan & Minum,Dompet Tunai
2024-08-12,Isi Bensin,36939.0,EXPENSE,Tagihan,Gopay
2024-08-12,Mie Ayam,17615.0,EXPENSE,Makan & Minum,Dompet Tunai
2024-08-12,Nasi Padang,15441.0,EXPENSE,Makan & Minum,Gopay
2024-08-13,Kantin,20531.0,EXPENSE,Makan & Minum,Gopay
2024-08-13,Indomaret Snack,22585.0,EXPENSE,Makan & Minum,Dompet Tunai
2024-08-13,Alfamart,14021.0,EXPENSE,Belanja,Dompet Tunai
2024-08-14,Bakso,12606.0,EXPENSE,Makan & Minum,Gopay
2024-08-14,Kopi,22936.0,EXPENSE,Makan & Minum,BCA
2024-08-14,Cilok,15337.0,EXPENSE,Belanja,Gopay
2024-08-15,Ongkos,8312.0,EXPENSE,Lain-lain,Dompet Tunai
2024-08-16,Alfamart,18000.0,EXPENSE,Belanja,Dompet Tunai
2024-08-17,Bakso,16172.0,EXPENSE,Makan & Minum,Gopay
2024-08-17,Mie Ayam,19381.0,EXPENSE,Makan & Minum,BCA
2024-08-17,Kopi,13005.0,EXPENSE,Makan & Minum,Gopay
2024-08-18,Grab Motor,9074.0,EXPENSE,Lain-lain,Gopay
2024-08-18,Snack,15878.0,EXPENSE,Belanja,Gopay
2024-08-19,Jajan,15893.0,EXPENSE,Belanja,Gopay
2024-08-19,Mie Ayam,16071.0,EXPENSE,Makan & Minum,Gopay
2024-08-19,Kopi,24977.0,EXPENSE,Makan & Minum,Gopay
2024-08-20,Bakso,23204.0,EXPENSE,Makan & Minum,Gopay
2024-08-20,Mie Ayam,18286.0,EXPENSE,Makan & Minum,Dompet Tunai
2024-08-20,Warung Nasi,21629.0,EXPENSE,Makan & Minum,Gopay
2024-08-21,Indomaret Snack,15601.0,EXPENSE,Makan & Minum,Dompet Tunai
2024-08-22,Nasi Padang,23778.0,EXPENSE,Makan & Minum,Gopay
2024-08-24,GoFood,19827.0,EXPENSE,Makan & Minum,BCA
2024-08-24,Jajan,19970.0,EXPENSE,Belanja,Dompet Tunai
2024-08-25,Kopi,22023.0,EXPENSE,Makan & Minum,BCA
2024-08-26,Jajan,11595.0,EXPENSE,Belanja,Gopay
2024-08-26,Kantin,19748.0,EXPENSE,Makan & Minum,Dompet Tunai
2024-08-26,Nasi Padang,20066.0,EXPENSE,Makan & Minum,BCA
2024-08-26,Kantin,40828.0,EXPENSE,Makan & Minum,Gopay
2024-08-26,Fotokopi,5436.0,EXPENSE,Lain-lain,Gopay
2024-08-27,Bakso,34611.0,EXPENSE,Makan & Minum,Dompet Tunai
2024-08-28,Es Teh,24007.0,EXPENSE,Makan & Minum,BCA
2024-08-28,Warung Nasi,12669.0,EXPENSE,Makan & Minum,Dompet Tunai
2024-08-29,Kopi,28166.0,EXPENSE,Makan & Minum,BCA
2024-08-29,Isi Bensin,26253.0,EXPENSE,Tagihan,Gopay
2024-08-29,Print Tugas,10852.0,EXPENSE,Lain-lain,Gopay
2024-08-30,Indomaret Snack,15326.0,EXPENSE,Makan & Minum,BCA
2024-08-30,GoFood,20522.0,EXPENSE,Makan & Minum,BCA
2024-08-31,Mie Ayam,24018.0,EXPENSE,Makan & Minum,Dompet Tunai
2024-08-31,Mie Ayam,20040.0,EXPENSE,Makan & Minum,BCA
2024-09-01,Kopi,23747.0,EXPENSE,Makan & Minum,Gopay
2024-09-02,Bayar Kost,898313.0,EXPENSE,Tagihan,Dompet Tunai
2024-09-02,Alfamart,19704.0,EXPENSE,Belanja,Gopay
2024-09-02,Uang Bulanan,2360348.0,INCOME,Gaji,BCA
2024-09-02,GoFood,19769.0,EXPENSE,Makan & Minum,Dompet Tunai
2024-09-03,Grab Motor,7927.0,EXPENSE,Lain-lain,Gopay
2024-09-03,Gorengan,18883.0,EXPENSE,Belanja,Gopay
2024-09-03,Sewa Kost Bulanan,942158.0,EXPENSE,Tagihan,BCA
2024-09-03,Indomaret Snack,19118.0,EXPENSE,Makan & Minum,BCA
2024-09-03,Nasi Padang,17428.0,EXPENSE,Makan & Minum,BCA
2024-09-03,Es Teh,14881.0,EXPENSE,Makan & Minum,BCA
2024-09-04,Kopi,12945.0,EXPENSE,Makan & Minum,BCA
2024-09-05,Bakso,10878.0,EXPENSE,Makan & Minum,Gopay
2024-09-05,GoFood,14795.0,EXPENSE,Makan & Minum,BCA
2024-09-05,BBM,39840.0,EXPENSE,Tagihan,Dompet Tunai
2024-09-06,Snack,6450.0,EXPENSE,Belanja,Dompet Tunai
2024-09-07,Kopi,10905.0,EXPENSE,Makan & Minum,Dompet Tunai
2024-09-07,Indomaret Snack,14541.0,EXPENSE,Makan & Minum,Dompet Tunai
2024-09-07,Minuman,12264.0,EXPENSE,Belanja,Dompet Tunai
2024-09-08,Minuman,6385.0,EXPENSE,Belanja,Dompet Tunai
2024-09-08,Bakso,10086.0,EXPENSE,Makan & Minum,BCA
2024-09-08,Nasi Padang,13637.0,EXPENSE,Makan & Minum,Dompet Tunai
2024-09-08,Kopi,24321.0,EXPENSE,Makan & Minum,Dompet Tunai
2024-09-09,Kantin,26346.0,EXPENSE,Makan & Minum,Gopay
2024-09-09,Bensin,30704.0,EXPENSE,Tagihan,Gopay
2024-09-09,Jajan,12321.0,EXPENSE,Belanja,Dompet Tunai
2024-09-10,Snack,18876.0,EXPENSE,Belanja,Gopay
2024-09-10,Spotify,21675.0,EXPENSE,Tagihan,BCA
2024-09-12,Kopi,24437.0,EXPENSE,Makan & Minum,Gopay
2024-09-12,Jajan,18178.0,EXPENSE,Belanja,Dompet Tunai
2024-09-13,Warung Nasi,18859.0,EXPENSE,Makan & Minum,Dompet Tunai
2024-09-13,Kantin,23083.0,EXPENSE,Makan & Minum,Gopay
2024-09-13,Mie Ayam,15199.0,EXPENSE,Makan & Minum,BCA
2024-09-14,Minuman,18393.0,EXPENSE,Belanja,Gopay
2024-09-15,Dana Darurat,161593.0,INCOME,Goals,BCA
2024-09-15,Indomaret Snack,28281.0,EXPENSE,Makan & Minum,BCA
2024-09-15,Mie Ayam,10168.0,EXPENSE,Makan & Minum,Gopay
2024-09-15,Bakso,12570.0,EXPENSE,Makan & Minum,Gopay
2024-09-16,Isi Bensin,31158.0,EXPENSE,Tagihan,Dompet Tunai
2024-09-16,Minuman,6090.0,EXPENSE,Belanja,Dompet Tunai
2024-09-17,Bakso,20653.0,EXPENSE,Makan & Minum,BCA
2024-09-17,Es Teh,11597.0,EXPENSE,Makan & Minum,BCA
2024-09-17,Print Tugas,3153.0,EXPENSE,Lain-lain,Dompet Tunai
2024-09-18,Snack,19447.0,EXPENSE,Belanja,Dompet Tunai
2024-09-19,Warung Nasi,16651.0,EXPENSE,Makan & Minum,Dompet Tunai
2024-09-19,Nasi Padang,24286.0,EXPENSE,Makan & Minum,BCA
2024-09-19,Jajan,5050.0,EXPENSE,Belanja,Gopay
2024-09-19,Parkir,10363.0,EXPENSE,Lain-lain,Dompet Tunai
2024-09-20,Nasi Padang,20836.0,EXPENSE,Makan & Minum,Dompet Tunai
2024-09-20,Alfamart,6985.0,EXPENSE,Belanja,Gopay
2024-09-20,Kopi,16761.0,EXPENSE,Makan & Minum,BCA
2024-09-21,Indomaret Snack,24351.0,EXPENSE,Makan & Minum,Dompet Tunai
2024-09-21,Alfamart,7610.0,EXPENSE,Belanja,Gopay
2024-09-22,Bakso,18066.0,EXPENSE,Makan & Minum,Gopay
2024-09-22,Kantin,14671.0,EXPENSE,Makan & Minum,Gopay
2024-09-22,Es Teh,44655.0,EXPENSE,Makan & Minum,Gopay
2024-09-22,Minuman,16749.0,EXPENSE,Belanja,Dompet Tunai
2024-09-22,Fotokopi,6721.0,EXPENSE,Lain-lain,Gopay
2024-09-23,Alfamart,19790.0,EXPENSE,Belanja,Dompet Tunai
2024-09-23,Mie Ayam,10763.0,EXPENSE,Makan & Minum,Gopay
2024-09-23,Mie Ayam,37373.0,EXPENSE,Makan & Minum,Gopay
2024-09-23,Mie Ayam,15054.0,EXPENSE,Makan & Minum,BCA
2024-09-23,Bensin,32842.0,EXPENSE,Tagihan,Dompet Tunai
2024-09-24,Gorengan,11918.0,EXPENSE,Belanja,Gopay
2024-09-24,Bakso,17929.0,EXPENSE,Makan & Minum,Dompet Tunai
2024-09-24,Es Teh,22675.0,EXPENSE,Makan & Minum,BCA
2024-09-25,Kantin,14335.0,EXPENSE,Makan & Minum,Dompet Tunai
2024-09-25,Kopi,34220.0,EXPENSE,Makan & Minum,BCA
2024-09-25,Minuman,16828.0,EXPENSE,Belanja,Gopay
2024-09-25,Fotokopi,10720.0,EXPENSE,Lain-lain,Gopay
2024-09-26,Kopi,21138.0,EXPENSE,Makan & Minum,BCA
2024-09-26,Kantin,24084.0,EXPENSE,Makan & Minum,BCA
2024-09-26,Fotokopi,5879.0,EXPENSE,Lain-lain,Gopay
2024-09-27,Cilok,13401.0,EXPENSE,Belanja,Dompet Tunai
2024-09-29,Warung Nasi,13542.0,EXPENSE,Makan & Minum,Dompet Tunai
2024-09-29,Grab Motor,9079.0,EXPENSE,Lain-lain,Gopay
2024-09-29,Bakso,16680.0,EXPENSE,Makan & Minum,BCA
2024-09-30,Es Teh,20045.0,EXPENSE,Makan & Minum,Gopay
2024-09-30,Nasi Padang,11126.0,EXPENSE,Makan & Minum,Dompet Tunai
2024-09-30,Es Teh,14116.0,EXPENSE,Makan & Minum,BCA
2024-09-30,Bensin,30786.0,EXPENSE,Tagihan,Dompet Tunai
2024-09-30,Parkir,11749.0,EXPENSE,Lain-lain,Dompet Tunai
2024-10-01,Kantin,19105.0,EXPENSE,Makan & Minum,Gopay
2024-10-01,Es Teh,20554.0,EXPENSE,Makan & Minum,Dompet Tunai
2024-10-02,Minuman,13180.0,EXPENSE,Belanja,Dompet Tunai
2024-10-02,Transfer Orang Tua,2144615.0,INCOME,Gaji,BCA
2024-10-03,Mie Ayam,11579.0,EXPENSE,Makan & Minum,Gopay
2024-10-03,BBM,29341.0,EXPENSE,Tagihan,Dompet Tunai
2024-10-03,Uang Bulanan,2259417.0,INCOME,Gaji,BCA
2024-10-03,Bakso,45381.0,EXPENSE,Makan & Minum,BCA
2024-10-03,Indomaret,11989.0,EXPENSE,Belanja,Dompet Tunai
2024-10-04,Gorengan,11084.0,EXPENSE,Belanja,Gopay
2024-10-05,Fotokopi,9054.0,EXPENSE,Lain-lain,Gopay
2024-10-05,Kantin,22619.0,EXPENSE,Makan & Minum,Gopay
2024-10-05,Sewa Kost Bulanan,888787.0,EXPENSE,Tagihan,BCA
2024-10-06,Kopi,18239.0,EXPENSE,Makan & Minum,BCA
2024-10-06,Indomaret,19011.0,EXPENSE,Belanja,Gopay
2024-10-07,Kantin,14952.0,EXPENSE,Makan & Minum,Gopay
2024-10-07,Es Teh,27852.0,EXPENSE,Makan & Minum,Dompet Tunai
2024-10-07,Mie Ayam,24371.0,EXPENSE,Makan & Minum,BCA
2024-10-08,Kantin,38126.0,EXPENSE,Makan & Minum,Gopay
2024-10-08,Bakso,31480.0,EXPENSE,Makan & Minum,BCA
2024-10-08,Kantin,11345.0,EXPENSE,Makan & Minum,Gopay
2024-10-08,Snack,11854.0,EXPENSE,Belanja,Dompet Tunai
2024-10-08,Grab Motor,2995.0,EXPENSE,Lain-lain,Gopay
2024-10-09,Mie Ayam,17945.0,EXPENSE,Makan & Minum,BCA
2024-10-09,Alfamart,5192.0,EXPENSE,Belanja,Dompet Tunai
2024-10-09,Nasi Padang,18777.0,EXPENSE,Makan & Minum,BCA
2024-10-09,Nasi Padang,10814.0,EXPENSE,Makan & Minum,Gopay
2024-10-10,Nasi Padang,24381.0,EXPENSE,Makan & Minum,Gopay
2024-10-10,BBM,27702.0,EXPENSE,Tagihan,Dompet Tunai
2024-10-10,Netflix,31065.0,EXPENSE,Tagihan,Gopay
2024-10-11,Indomaret Snack,20708.0,EXPENSE,Makan & Minum,Gopay
2024-10-11,Bakso,44570.0,EXPENSE,Makan & Minum,Dompet Tunai
2024-10-11,Indomaret Snack,11297.0,EXPENSE,Makan & Minum,Dompet Tunai
2024-10-11,Alfamart,8944.0,EXPENSE,Belanja,Gopay
2024-10-12,Bakso,27200.0,EXPENSE,Makan & Minum,BCA
2024-10-13,GoFood,13123.0,EXPENSE,Makan & Minum,Gopay
2024-10-13,Kopi,16429.0,EXPENSE,Makan & Minum,BCA
2024-10-13,GoFood,11679.0,EXPENSE,Makan & Minum,Dompet Tunai
2024-10-13,Fotokopi,12456.0,EXPENSE,Lain-lain,Gopay
2024-10-14,Jajan,15421.0,EXPENSE,Belanja,Gopay
2024-10-14,BBM,33214.0,EXPENSE,Tagihan,Dompet Tunai
2024-10-14,Kantin,21545.0,EXPENSE,Makan & Minum,Gopay
2024-10-14,Warung Nasi,48551.0,EXPENSE,Makan & Minum,BCA
2024-10-14,Warung Nasi,18434.0,EXPENSE,Makan & Minum,Dompet Tunai
2024-10-15,Warung Nasi,18835.0,EXPENSE,Makan & Minum,BCA
2024-10-15,Bakso,19572.0,EXPENSE,Makan & Minum,BCA
2024-10-15,Simpanan Bulanan,191176.0,INCOME,Goals,BCA
2024-10-16,Kopi,20853.0,EXPENSE,Makan & Minum,BCA
2024-10-16,Indomaret Snack,14899.0,EXPENSE,Makan & Minum,BCA
2024-10-16,Indomaret Snack,22663.0,EXPENSE,Makan & Minum,Gopay
2024-10-16,Alfamart,5246.0,EXPENSE,Belanja,Dompet Tunai
2024-10-17,Mie Ayam,18004.0,EXPENSE,Makan & Minum,BCA
2024-10-17,Isi Bensin,30165.0,EXPENSE,Tagihan,Gopay
2024-10-18,Grab Motor,4224.0,EXPENSE,Lain-lain,Gopay
2024-10-18,Nasi Padang,12690.0,EXPENSE,Makan & Minum,BCA
2024-10-18,Nasi Padang,17944.0,EXPENSE,Makan & Minum,Dompet Tunai
2024-10-19,Es Teh,23943.0,EXPENSE,Makan & Minum,Dompet Tunai
2024-10-19,Indomaret,10302.0,EXPENSE,Belanja,Gopay
2024-10-19,Print Tugas,7548.0,EXPENSE,Lain-lain,Dompet Tunai
2024-10-20,Bakso,12248.0,EXPENSE,Makan & Minum,Gopay
2024-10-21,Bakso,14719.0,EXPENSE,Makan & Minum,BCA
2024-10-21,GoFood,12485.0,EXPENSE,Makan & Minum,Gopay
2024-10-21,Ongkos,14870.0,EXPENSE,Lain-lain,Gopay
2024-10-23,Minuman,18509.0,EXPENSE,Belanja,Dompet Tunai
2024-10-23,Es Teh,22102.0,EXPENSE,Makan & Minum,Gopay
2024-10-23,GoFood,13200.0,EXPENSE,Makan & Minum,Dompet Tunai
2024-10-24,Isi Bensin,30274.0,EXPENSE,Tagihan,Gopay
2024-10-24,Bakso,14695.0,EXPENSE,Makan & Minum,Dompet Tunai
2024-10-24,Es Teh,22905.0,EXPENSE,Makan & Minum,Gopay
2024-10-24,Indomaret Snack,14930.0,EXPENSE,Makan & Minum,Gopay
2024-10-25,Kopi,24448.0,EXPENSE,Makan & Minum,Gopay
2024-10-25,GoFood,10311.0,EXPENSE,Makan & Minum,Gopay
2024-10-28,Kopi,36315.0,EXPENSE,Makan & Minum,Gopay
2024-10-28,Nasi Padang,23930.0,EXPENSE,Makan & Minum,Dompet Tunai
2024-10-28,Bakso,11220.0,EXPENSE,Makan & Minum,Gopay
2024-10-28,Bensin,29876.0,EXPENSE,Tagihan,Dompet Tunai
2024-10-28,Dana Darurat,57132.0,INCOME,Goals,BCA
2024-10-29,Mie Ayam,21986.0,EXPENSE,Makan & Minum,Gopay
2024-10-30,Mie Ayam,12312.0,EXPENSE,Makan & Minum,Dompet Tunai
2024-10-30,Bakso,17730.0,EXPENSE,Makan & Minum,Gopay
2024-10-30,Minuman,5233.0,EXPENSE,Belanja,Dompet Tunai
2024-10-31,Jajan,14641.0,EXPENSE,Belanja,Dompet Tunai
2024-10-31,Isi Bensin,26425.0,EXPENSE,Tagihan,Dompet Tunai
2024-10-31,GoFood,19827.0,EXPENSE,Makan & Minum,Dompet Tunai
2024-10-31,Bakso,18671.0,EXPENSE,Makan & Minum,Gopay
2024-10-31,Indomaret Snack,19523.0,EXPENSE,Makan & Minum,BCA
2024-11-01,Uang Bulanan,1387162.0,INCOME,Gaji,Gopay
2024-11-01,Es Teh,24911.0,EXPENSE,Makan & Minum,Gopay
2024-11-01,Nasi Padang,18492.0,EXPENSE,Makan & Minum,Dompet Tunai
2024-11-01,GoFood,46381.0,EXPENSE,Makan & Minum,BCA
2024-11-01,Fotokopi,14765.0,EXPENSE,Lain-lain,Gopay
2024-11-02,Bakso,16423.0,EXPENSE,Makan & Minum,Dompet Tunai
2024-11-02,Nasi Padang,20287.0,EXPENSE,Makan & Minum,BCA
2024-11-02,Sewa Kost Bulanan,856606.0,EXPENSE,Tagihan,Dompet Tunai
2024-11-02,Alfamart,10646.0,EXPENSE,Belanja,Gopay
2024-11-03,Bakso,20295.0,EXPENSE,Makan & Minum,Dompet Tunai
2024-11-03,Warung Nasi,43111.0,EXPENSE,Makan & Minum,Gopay
2024-11-03,GoFood,20262.0,EXPENSE,Makan & Minum,BCA
2024-11-04,Warung Nasi,20867.0,EXPENSE,Makan & Minum,Dompet Tunai
2024-11-04,Es Teh,11900.0,EXPENSE,Makan & Minum,BCA
2024-11-04,Mie Ayam,13731.0,EXPENSE,Makan & Minum,Gopay
2024-11-04,Bensin,29697.0,EXPENSE,Tagihan,Gopay
2024-11-04,Minuman,7176.0,EXPENSE,Belanja,Gopay
2024-11-05,Nasi Padang,14084.0,EXPENSE,Makan & Minum,Dompet Tunai
2024-11-05,Sewa Kost Bulanan,885900.0,EXPENSE,Tagihan,BCA
2024-11-05,Snack,15169.0,EXPENSE,Belanja,Dompet Tunai
2024-11-06,Cilok,7322.0,EXPENSE,Belanja,Gopay
2024-11-07,Kantin,13386.0,EXPENSE,Makan & Minum,BCA
2024-11-07,Bensin,31395.0,EXPENSE,Tagihan,Gopay
2024-11-07,Bakso,19469.0,EXPENSE,Makan & Minum,BCA
2024-11-07,Kopi,17838.0,EXPENSE,Makan & Minum,Gopay
2024-11-08,Kantin,11953.0,EXPENSE,Makan & Minum,Dompet Tunai
2024-11-08,Kantin,12304.0,EXPENSE,Makan & Minum,Dompet Tunai
2024-11-08,Fotokopi,12466.0,EXPENSE,Lain-lain,Dompet Tunai
2024-11-09,Indomaret,15966.0,EXPENSE,Belanja,Gopay
2024-11-09,Ongkos,3874.0,EXPENSE,Lain-lain,Dompet Tunai
2024-11-10,Paket Data,27259.0,EXPENSE,Tagihan,Gopay
2024-11-11,Mie Ayam,17572.0,EXPENSE,Makan & Minum,Gopay
2024-11-11,Cilok,6501.0,EXPENSE,Belanja,Gopay
2024-11-11,Fotokopi,8912.0,EXPENSE,Lain-lain,Dompet Tunai
2024-11-12,Nasi Padang,16973.0,EXPENSE,Makan & Minum,Gopay
2024-11-12,Nasi Padang,19658.0,EXPENSE,Makan & Minum,Dompet Tunai
2024-11-13,GoFood,29584.0,EXPENSE,Makan & Minum,BCA
2024-11-13,Bakso,19651.0,EXPENSE,Makan & Minum,Gopay
2024-11-13,Alfamart,8171.0,EXPENSE,Belanja,Dompet Tunai
2024-11-14,Gorengan,13597.0,EXPENSE,Belanja,Gopay
2024-11-14,Bakso,10781.0,EXPENSE,Makan & Minum,BCA
2024-11-14,Es Teh,23924.0,EXPENSE,Makan & Minum,BCA
2024-11-14,Nasi Padang,10360.0,EXPENSE,Makan & Minum,Gopay
2024-11-15,Es Teh,13662.0,EXPENSE,Makan & Minum,Gopay
2024-11-15,Snack,7619.0,EXPENSE,Belanja,Gopay
2024-11-15,Ongkos,2225.0,EXPENSE,Lain-lain,Dompet Tunai
2024-11-16,Kopi,21943.0,EXPENSE,Makan & Minum,Dompet Tunai
2024-11-16,Mie Ayam,24128.0,EXPENSE,Makan & Minum,Gopay
2024-11-17,Kantin,22780.0,EXPENSE,Makan & Minum,BCA
2024-11-18,GoFood,15835.0,EXPENSE,Makan & Minum,Gopay
2024-11-18,Minuman,13913.0,EXPENSE,Belanja,Dompet Tunai
2024-11-19,Indomaret Snack,12573.0,EXPENSE,Makan & Minum,Dompet Tunai
2024-11-19,Indomaret Snack,44648.0,EXPENSE,Makan & Minum,BCA
2024-11-19,Ongkos,13684.0,EXPENSE,Lain-lain,Dompet Tunai
2024-11-20,Indomaret Snack,20029.0,EXPENSE,Makan & Minum,Dompet Tunai
2024-11-21,Alfamart,18027.0,EXPENSE,Belanja,Gopay
2024-11-21,Indomaret Snack,37167.0,EXPENSE,Makan & Minum,BCA
2024-11-21,Nasi Padang,18583.0,EXPENSE,Makan & Minum,BCA
2024-11-21,Nasi Padang,22723.0,EXPENSE,Makan & Minum,Gopay
2024-11-22,Indomaret Snack,49693.0,EXPENSE,Makan & Minum,BCA
2024-11-22,Print Tugas,14801.0,EXPENSE,Lain-lain,Dompet Tunai
2024-11-23,Indomaret Snack,41677.0,EXPENSE,Makan & Minum,BCA
2024-11-23,Warung Nasi,41499.0,EXPENSE,Makan & Minum,Gopay
2024-11-23,Es Teh,43621.0,EXPENSE,Makan & Minum,BCA
2024-11-24,Kantin,14168.0,EXPENSE,Makan & Minum,BCA
2024-11-24,Warung Nasi,44245.0,EXPENSE,Makan & Minum,Dompet Tunai
2024-11-24,Jajan,7597.0,EXPENSE,Belanja,Dompet Tunai
2024-11-24,Fotokopi,13938.0,EXPENSE,Lain-lain,Gopay
2024-11-25,Cilok,5344.0,EXPENSE,Belanja,Gopay
2024-11-25,Isi Bensin,27864.0,EXPENSE,Tagihan,Dompet Tunai
2024-11-25,Indomaret Snack,20085.0,EXPENSE,Makan & Minum,BCA
2024-11-25,Warung Nasi,18080.0,EXPENSE,Makan & Minum,Dompet Tunai
2024-11-26,Bakso,21069.0,EXPENSE,Makan & Minum,Gopay
2024-11-26,Indomaret Snack,11654.0,EXPENSE,Makan & Minum,BCA
2024-11-27,Kopi,18452.0,EXPENSE,Makan & Minum,Gopay
2024-11-27,Kantin,23893.0,EXPENSE,Makan & Minum,BCA
2024-11-27,Warung Nasi,15484.0,EXPENSE,Makan & Minum,Gopay
2024-11-27,Alfamart,7320.0,EXPENSE,Belanja,Dompet Tunai
2024-11-28,GoFood,12502.0,EXPENSE,Makan & Minum,Dompet Tunai
2024-11-28,Nasi Padang,10527.0,EXPENSE,Makan & Minum,BCA
2024-11-28,Bensin,28302.0,EXPENSE,Tagihan,Dompet Tunai
2024-11-29,Bakso,24080.0,EXPENSE,Makan & Minum,Gopay
2024-11-29,Es Teh,34312.0,EXPENSE,Makan & Minum,Gopay
2024-11-30,Alfamart,12026.0,EXPENSE,Belanja,Gopay
2024-12-01,Kiriman Ortu,2278842.0,INCOME,Gaji,Gopay
2024-12-01,Sewa Kost Bulanan,922608.0,EXPENSE,Tagihan,BCA
2024-12-02,Transfer Orang Tua,2388304.0,INCOME,Gaji,BCA
2024-12-02,Indomaret Snack,29019.0,EXPENSE,Makan & Minum,Dompet Tunai
2024-12-02,Warung Nasi,11988.0,EXPENSE,Makan & Minum,Dompet Tunai
2024-12-02,BBM,28603.0,EXPENSE,Tagihan,Gopay
2024-12-02,Cilok,13234.0,EXPENSE,Belanja,Dompet Tunai
2024-12-02,Parkir,4030.0,EXPENSE,Lain-lain,Dompet Tunai
2024-12-03,Kiriman Ortu,1496745.0,INCOME,Gaji,Gopay
2024-12-04,Bakso,14911.0,EXPENSE,Makan & Minum,BCA
2024-12-04,Indomaret Snack,17720.0,EXPENSE,Makan & Minum,Dompet Tunai
2024-12-04,Gorengan,8367.0,EXPENSE,Belanja,Dompet Tunai
2024-12-05,Sewa Kost Bulanan,922497.0,EXPENSE,Tagihan,Dompet Tunai
2024-12-05,Print Tugas,3986.0,EXPENSE,Lain-lain,Dompet Tunai
2024-12-05,Indomaret Snack,18516.0,EXPENSE,Makan & Minum,Gopay
2024-12-06,Es Teh,22756.0,EXPENSE,Makan & Minum,BCA
2024-12-06,Nasi Padang,49620.0,EXPENSE,Makan & Minum,Gopay
2024-12-06,Kopi,16438.0,EXPENSE,Makan & Minum,Gopay
2024-12-06,Parkir,9153.0,EXPENSE,Lain-lain,Gopay
2024-12-07,Bakso,17487.0,EXPENSE,Makan & Minum,Gopay
2024-12-07,GoFood,25290.0,EXPENSE,Makan & Minum,Gopay
2024-12-08,Indomaret Snack,15228.0,EXPENSE,Makan & Minum,Gopay
2024-12-08,Kopi,15389.0,EXPENSE,Makan & Minum,Gopay
2024-12-08,Print Tugas,3856.0,EXPENSE,Lain-lain,Dompet Tunai
2024-12-09,Minuman,9106.0,EXPENSE,Belanja,Dompet Tunai
2024-12-09,Warung Nasi,12090.0,EXPENSE,Makan & Minum,Gopay
2024-12-09,Bensin,27852.0,EXPENSE,Tagihan,Dompet Tunai
2024-12-09,Es Teh,14325.0,EXPENSE,Makan & Minum,Dompet Tunai
2024-12-09,Warung Nasi,40017.0,EXPENSE,Makan & Minum,Dompet Tunai
2024-12-11,GoFood,37558.0,EXPENSE,Makan & Minum,Dompet Tunai
2024-12-12,GoFood,39105.0,EXPENSE,Makan & Minum,Gopay
2024-12-12,Nasi Padang,12640.0,EXPENSE,Makan & Minum,Gopay
2024-12-13,Kopi,21404.0,EXPENSE,Makan & Minum,Dompet Tunai
2024-12-13,Gorengan,13724.0,EXPENSE,Belanja,Dompet Tunai
2024-12-14,Indomaret Snack,14460.0,EXPENSE,Makan & Minum,BCA
2024-12-14,Kopi,17805.0,EXPENSE,Makan & Minum,Dompet Tunai
2024-12-14,Minuman,8861.0,EXPENSE,Belanja,Dompet Tunai
2024-12-15,Warung Nasi,19257.0,EXPENSE,Makan & Minum,Dompet Tunai
2024-12-15,Warung Nasi,15184.0,EXPENSE,Makan & Minum,Dompet Tunai
2024-12-15,Parkir,5019.0,EXPENSE,Lain-lain,Dompet Tunai
2024-12-16,Bensin,39135.0,EXPENSE,Tagihan,Dompet Tunai
2024-12-16,Nasi Padang,24477.0,EXPENSE,Makan & Minum,BCA
2024-12-16,Indomaret Snack,16182.0,EXPENSE,Makan & Minum,Gopay
2024-12-16,Kopi,16823.0,EXPENSE,Makan & Minum,Dompet Tunai
2024-12-17,Indomaret Snack,48771.0,EXPENSE,Makan & Minum,Dompet Tunai
2024-12-17,Es Teh,13363.0,EXPENSE,Makan & Minum,BCA
2024-12-18,Nasi Padang,22314.0,EXPENSE,Makan & Minum,BCA
2024-12-18,GoFood,28459.0,EXPENSE,Makan & Minum,BCA
2024-12-18,Jajan,10265.0,EXPENSE,Belanja,Dompet Tunai
2024-12-18,Ongkos,3239.0,EXPENSE,Lain-lain,Dompet Tunai
2024-12-19,Nasi Padang,15313.0,EXPENSE,Makan & Minum,Dompet Tunai
2024-12-19,Kopi,11090.0,EXPENSE,Makan & Minum,Gopay
2024-12-19,BBM,37267.0,EXPENSE,Tagihan,Gopay
2024-12-19,Print Tugas,2373.0,EXPENSE,Lain-lain,Gopay
2024-12-20,Mie Ayam,22304.0,EXPENSE,Makan & Minum,Dompet Tunai
2024-12-20,Kantin,19129.0,EXPENSE,Makan & Minum,BCA
2024-12-21,Kopi,20983.0,EXPENSE,Makan & Minum,Gopay
2024-12-21,Grab Motor,14245.0,EXPENSE,Lain-lain,Gopay
2024-12-22,Warung Nasi,19923.0,EXPENSE,Makan & Minum,Gopay
2024-12-23,Warung Nasi,18560.0,EXPENSE,Makan & Minum,Gopay
2024-12-23,Indomaret Snack,21777.0,EXPENSE,Makan & Minum,BCA
2024-12-23,Isi Bensin,32682.0,EXPENSE,Tagihan,Gopay
2024-12-23,Alfamart,18433.0,EXPENSE,Belanja,Dompet Tunai
2024-12-24,GoFood,22534.0,EXPENSE,Makan & Minum,Gopay
2024-12-25,Ongkos,6547.0,EXPENSE,Lain-lain,Dompet Tunai
2024-12-27,Indomaret,15755.0,EXPENSE,Belanja,Gopay
2024-12-28,Jajan,7185.0,EXPENSE,Belanja,Dompet Tunai
2024-12-28,GoFood,37134.0,EXPENSE,Makan & Minum,Gopay
2024-12-28,Nabung,93676.0,INCOME,Goals,BCA
2024-12-29,Grab Motor,9868.0,EXPENSE,Lain-lain,Dompet Tunai
2024-12-29,GoFood,10868.0,EXPENSE,Makan & Minum,BCA
2024-12-30,Indomaret Snack,22695.0,EXPENSE,Makan & Minum,Gopay
2024-12-30,Isi Bensin,29052.0,EXPENSE,Tagihan,Dompet Tunai
2024-12-30,Es Teh,19131.0,EXPENSE,Makan & Minum,BCA
2024-12-30,Cilok,9552.0,EXPENSE,Belanja,Gopay
2024-12-31,Mie Ayam,20150.0,EXPENSE,Makan & Minum,Gopay
2024-12-31,Es Teh,18103.0,EXPENSE,Makan & Minum,Dompet Tunai
