Kolom,Tipe Data,Contoh Nilai,Deskripsi,Range / Nilai Unik,Catatan untuk Tim AI,Missing Values,Sumber Data
Date,datetime64,2025-07-01,Tanggal transaksi dilakukan,2024-01-01 s/d 2025-12-31,Format sudah dikonversi ke datetime64 saat preprocessing,0,Semua dataset
Description,string,"Warung Nasi, GoFood, Bayar Kost",Nama atau keterangan transaksi yang diinput pengguna — kolom utama untuk model NLP,Teks bebas — sudah dibersihkan dari simbol dan whitespace,Kolom utama untuk NLP classification — gunakan sebagai input teks model,0,Semua dataset
Amount,float64,15000.0,Nominal transaksi dalam Rupiah (IDR),"Min: Rp 31 | Max: Rp 2,974,435 | Mean: Rp 68,159",Semua nominal dalam IDR (Rupiah) — tidak ada mata uang asing,0,Semua dataset
Transaction_Type,string,EXPENSE / INCOME,"Jenis transaksi: EXPENSE untuk pengeluaran, INCOME untuk pemasukan","EXPENSE, INCOME",Sudah distandarisasi ke UPPERCASE saat cleaning,0,Semua dataset
Category,string,Makan & Minum / Tagihan / Hiburan / Belanja / Lain-lain / Gaji / Goals,Kategori transaksi — ini adalah TARGET LABEL untuk model klasifikasi AI,"Makan & Minum, Tagihan, Hiburan, Belanja, Lain-lain, Gaji, Goals",TARGET LABEL — 5 kelas EXPENSE + 2 kelas INCOME — sudah konsisten Title Case,0,Semua dataset
Account_Name,string,Gopay / BCA / Dompet Tunai / OVO / Dana,Metode atau akun pembayaran yang digunakan,"Gopay, BCA, Dompet Tunai, OVO, Dana",Bisa dijadikan fitur tambahan untuk model tabular,0,Semua dataset
Month,int32,7,Bulan transaksi dalam angka (1–12) — hasil ekstraksi dari Date,1 s/d 12,Fitur numerik hasil ekstraksi — siap pakai untuk model tabular,0,Hasil ekstraksi preprocessing
Month_Name,string,July,Nama bulan transaksi — hasil ekstraksi dari Date,January s/d December,Fitur teks hasil ekstraksi — encode jika diperlukan,0,Hasil ekstraksi preprocessing
Day_of_Week,string,Monday,Nama hari saat transaksi — hasil ekstraksi dari Date,"Monday, Tuesday, Wednesday, Thursday, Friday, Saturday, Sunday",Fitur kategorikal — perlu Label Encoding atau One-Hot Encoding,0,Hasil ekstraksi preprocessing
